id,unity_id,shift,name
21916613,314,DIURNO,TURISMO
414088,314,DIURNO,TURISMO
414112,327,DIURNO,ADMINISTRAÇÃO
414099,327,NOTURNO,ADMINISTRAÇÃO
414130,333,DIURNO,CIÊNCIAS CONTÁBEIS
414131,333,NOTURNO,CIÊNCIAS CONTÁBEIS
414137,345,NOTURNO,COMUNICAÇÃO SOCIAL - COMUNICAÇÃO ORGANIZACIONAL
414151,351,DIURNO,COMUNICAÇÃO SOCIAL - AUDIOVISUAL
414156,351,DIURNO,COMUNICAÇÃO SOCIAL - PUBLICIDADE E PROPAGANDA
414165,352,DIURNO,JORNALISMO
414180,353,DIURNO,ARQUITETURA E URBANISMO
414181,353,NOTURNO,ARQUITETURA E URBANISMO
414196,363,DIURNO,AGRONOMIA
414198,363,NOTURNO,GESTÃO DE AGRONEGÓCIOS
414202,363,DIURNO,MEDICINA VETERINÁRIA
414220,370,DIURNO,DIREITO
414221,370,NOTURNO,DIREITO
414231,381,DIURNO,PEDAGOGIA
414229,381,DIURNO,PEDAGOGIA
414230,381,NOTURNO,PEDAGOGIA
414276,393,DIURNO,EDUCAÇÃO FÍSICA
414274,393,DIURNO,EDUCAÇÃO FÍSICA
15958221,393,DIURNO,EDUCAÇÃO FÍSICA - CICLO BÁSICO
414280,402,DIURNO,MEDICINA
414286,410,DIURNO,FARMÁCIA
414287,410,NOTURNO,FARMÁCIA
414291,420,NOTURNO,SAÚDE COLETIVA
414295,422,DIURNO,ENFERMAGEM
414314,424,DIURNO,NUTRIÇÃO
414321,427,DIURNO,ODONTOLOGIA
414333,429,DIURNO,ENGENHARIA MECATRÔNICA - CONTROLE E AUTOMAÇÃO
414342,433,DIURNO,ENGENHARIA FLORESTAL
414345,437,DIURNO,ENGENHARIA AMBIENTAL
20559118,437,DIURNO,ENGENHARIA AMBIENTAL E SANITÁRIA
414350,437,DIURNO,ENGENHARIA CIVIL
414330,443,DIURNO,ENGENHARIA DE REDES DE COMUNICAÇÃO
414360,443,DIURNO,ENGENHARIA ELÉTRICA
414368,449,DIURNO,ENGENHARIA MECÂNICA
414371,455,DIURNO,BIOTECNOLOGIA
414393,455,DIURNO,CIÊNCIAS BIOLÓGICAS
414391,455,DIURNO,CIÊNCIAS BIOLÓGICAS
414392,455,NOTURNO,CIÊNCIAS BIOLÓGICAS
414404,479,DIURNO,CIÊNCIAS SOCIAIS
21775010,479,DIURNO,CIÊNCIAS SOCIAIS - LATINO-AMERICANAS
414407,481,DIURNO,CIÊNCIAS SOCIAIS - ANTROPOLOGIA
702695,483,DIURNO,CIÊNCIAS SOCIAIS
414425,483,DIURNO,CIÊNCIAS SOCIAIS - SOCIOLOGIA
434774,485,DIURNO,ARTES VISUAIS
414430,485,DIURNO,MÚSICA
694213,485,DIURNO,TEATRO
414437,492,DIURNO,ARTES CÊNICAS
702696,492,NOTURNO,ARTES CÊNICAS
414436,492,DIURNO,ARTES CÊNICAS - INTERPRETAÇÃO TEATRAL
702698,495,DIURNO,MÚSICA
414459,495,DIURNO,MÚSICA
414460,495,NOTURNO,MÚSICA
414465,495,DIURNO,MÚSICA - CANTO
414469,495,DIURNO,MÚSICA - CLARINETA
414473,495,DIURNO,MÚSICA - COMPOSIÇÃO
414479,495,DIURNO,MÚSICA - CONTRABAIXO
414484,495,DIURNO,MÚSICA - FAGOTE
414489,495,DIURNO,MÚSICA - FLAUTA
414495,495,DIURNO,MÚSICA - OBOÉ
414500,495,DIURNO,MÚSICA - PIANO
414504,495,DIURNO,MÚSICA - REGÊNCIA
414509,495,DIURNO,MÚSICA - SAXOFONE
414513,495,DIURNO,MÚSICA - TROMBONE
1841275,495,DIURNO,MÚSICA - TROMPA
414523,495,DIURNO,MÚSICA - TROMPETE
414528,495,DIURNO,MÚSICA - VIOLA
414538,495,DIURNO,MÚSICA - VIOLINO
414543,495,DIURNO,MÚSICA - VIOLONCELO
414533,495,DIURNO,MÚSICA - VIOLÃO
414553,498,DIURNO,ARTES VISUAIS
414544,498,DIURNO,ARTES VISUAIS
414552,498,DIURNO,ARTES VISUAIS
414551,498,NOTURNO,ARTES VISUAIS
414435,498,NOTURNO,"TEORIA, CRÍTICA E HISTÓRIA DA ARTE"
20429361,504,DIURNO,INTELIGÊNCIA ARTIFICIAL
414599,508,DIURNO,CIÊNCIA DA COMPUTAÇÃO
414608,508,NOTURNO,COMPUTAÇÃO
414610,508,DIURNO,ENGENHARIA DE COMPUTAÇÃO
414620,514,DIURNO,ESTATÍSTICA
414638,518,DIURNO,MATEMÁTICA
414639,518,DIURNO,MATEMÁTICA
414640,518,NOTURNO,MATEMÁTICA
414664,524,DIURNO,FÍSICA
414663,524,DIURNO,FÍSICA
414657,524,NOTURNO,FÍSICA
414662,524,DIURNO,FÍSICA COMPUTACIONAL
414667,533,NOTURNO,CIÊNCIAS AMBIENTAIS
414669,533,DIURNO,GEOFÍSICA
414677,533,DIURNO,GEOLOGIA
414687,544,DIURNO,GEOGRAFIA
414699,548,DIURNO,CIÊNCIAS ECONÔMICAS
414713,552,DIURNO,FILOSOFIA
414714,552,DIURNO,FILOSOFIA
414715,552,NOTURNO,FILOSOFIA
414731,555,DIURNO,GEOGRAFIA
414730,555,DIURNO,GEOGRAFIA
414745,559,DIURNO,HISTÓRIA
702700,559,DIURNO,HISTÓRIA
414748,559,NOTURNO,HISTÓRIA
414764,563,DIURNO,SERVIÇO SOCIAL
414765,563,NOTURNO,SERVIÇO SOCIAL
22308018,567,INTEGRAL,COMUNICAÇÃO ASSISTIVA: TRADUÇÃO E INTERPRETAÇÃO EM LÍNGUA BRASILEIRA DE SINAIS (LIBRAS) EM CONTEXTO COMUNITÁRIO
414772,567,DIURNO,LETRAS - LÍNGUA PORTUGUESA E RESPECTIVA LITERATURA
414775,567,NOTURNO,LETRAS - TRADUÇÃO - ESPANHOL
414779,574,NOTURNO,LETRAS - LÍNGUA E LITERATURA JAPONESA
414782,574,NOTURNO,LETRAS - LÍNGUA ESPANHOLA E LITERATURA ESPANHOLA E HISPANO-AMERICANA
414795,574,DIURNO,LETRAS - LÍNGUA FRANCESA E RESPECTIVA LITERATURA
414796,574,DIURNO,LETRAS - LÍNGUA FRANCESA E RESPECTIVA LITERATURA
702701,574,DIURNO,LETRAS - LÍNGUA INGLESA E RESPECTIVA LITERATURA
414809,574,DIURNO,LETRAS - LÍNGUA INGLESA E RESPECTIVA LITERATURA
414813,574,DIURNO,LETRAS - TRADUÇÃO - FRANCÊS
414822,574,DIURNO,LETRAS - TRADUÇÃO - INGLÊS
414823,574,DIURNO,LÍNGUAS ESTRANGEIRAS APLICADAS - MSI
414843,578,DIURNO,LETRAS - LÍNGUA PORTUGUESA E RESPECTIVA LITERATURA
414844,578,DIURNO,LETRAS - LÍNGUA PORTUGUESA E RESPECTIVA LITERATURA
414845,578,NOTURNO,LETRAS - LÍNGUA PORTUGUESA E RESPECTIVA LITERATURA
414848,578,DIURNO,LETRAS - PORTUGUÊS DO BRASIL COMO SEGUNDA LÍNGUA
414849,578,DIURNO,LÍNGUA DE SINAIS BRASILEIRA - PORTUGUÊS COMO SEGUNDA LÍNGUA
414962,583,DIURNO,PSICOLOGIA
414961,583,DIURNO,PSICOLOGIA
414960,583,DIURNO,PSICOLOGIA
414862,610,DIURNO,ENGENHARIA QUÍMICA
414870,610,DIURNO,QUÍMICA
414871,610,NOTURNO,QUÍMICA
414873,610,DIURNO,QUÍMICA TECNOLÓGICA
414970,660,DIURNO,DESIGN - PROGRAMAÇÃO VISUAL
414971,660,DIURNO,DESIGN - PROJETO DO PRODUTO
702702,666,DIURNO,CIÊNCIAS NATURAIS
702703,666,NOTURNO,CIÊNCIAS NATURAIS
414881,666,DIURNO,EDUCAÇÃO DO CAMPO - CIÊNCIAS DA NATUREZA
414882,666,DIURNO,EDUCAÇÃO DO CAMPO - CIÊNCIAS DA NATUREZA E MATEMÁTICA
414885,666,DIURNO,"EDUCAÇÃO DO CAMPO - LINGUAGENS, ARTES E LITERATURA"
414886,666,DIURNO,EDUCAÇÃO DO CAMPO - MATEMÁTICA
414888,666,NOTURNO,GESTÃO AMBIENTAL
414889,666,DIURNO,GESTÃO DO AGRONEGÓCIO
414892,668,DIURNO,CIÊNCIA POLÍTICA
414899,669,DIURNO,RELAÇÕES INTERNACIONAIS
414902,672,DIURNO,ENFERMAGEM
414906,672,DIURNO,FARMÁCIA
414908,672,DIURNO,FISIOTERAPIA
414909,672,DIURNO,FONOAUDIOLOGIA
414912,672,DIURNO,SAÚDE COLETIVA
414914,672,DIURNO,TERAPIA OCUPACIONAL
414915,673,DIURNO,ENGENHARIA
414916,673,DIURNO,ENGENHARIA AEROESPACIAL
414919,673,DIURNO,ENGENHARIA AUTOMOTIVA
414922,673,DIURNO,ENGENHARIA DE ENERGIA
414924,673,DIURNO,ENGENHARIA DE SOFTWARE
414926,673,DIURNO,ENGENHARIA ELETRÔNICA
414931,674,NOTURNO,ARQUIVOLOGIA
414940,674,DIURNO,BIBLIOTECONOMIA
702704,674,DIURNO,MUSEOLOGIA
414326,760,NOTURNO,ENGENHARIA DE PRODUÇÃO
414093,791,NOTURNO,GESTÃO DE POLÍTICAS PÚBLICAS
