id,code,name
69,REITORIA,REITORIA - BRASÍLIA
130,DEG,DECANATO DE ENSINO DE GRADUACAO / DEG - BRASÍLIA
140,SAA,SECRETARIA DE ADMINISTRACAO ACADEMICA - BRASÍLIA
158,DEX,DECANATO EXTENSÃO - BRASÍLIA
170,DPG,DECANATO DE PÓS-GRADUAÇÃO / DPG - BRASÍLIA
284,FAL,FAZENDA AGUA LIMPA - BRASÍLIA
288,HUB,HOSP-HOSPITAL UNIVERSITÁRIO DE BRASÍLIA - BRASÍLIA
314,CET,CENTRO DE EXCELÊNCIA EM TURISMO - BRASÍLIA
316,CIORD,CENTRO INTEGRADO ORDENAMENTO TERRITORIAL - BRASÍLIA
323,FACE,"FACULDADE ECONOMIA, ADMINISTRAÇÃO, CONTABILIDADE E GEST POL PÚBLICAS - BRASÍLIA"
327,ADM,DEPTO ADMINISTRAÇÃO - BRASÍLIA
333,CCA,DEPTO CIÊNCIAS CONTÁBEIS ATUARIAIS - BRASÍLIA
337,CID,DEPTO CIÊNCIAS INFORMAÇÃO DOCUMENTAÇÃO - BRASÍLIA
343,FAC,FACULDADE DE COMUNICAÇÃO - BRASÍLIA
345,FAC/COM,DEPARTAMENTO DE COMUNICAÇÃO ORGANIZACIONAL/COM - BRASÍLIA
351,FAC/DAP,DEPARTAMENTO DE AUDIOVISUAIS E PUBLICIDADE/DAP - BRASÍLIA
352,FAC/JOR,DEPARTAMENTO DE JORNALISMO/JOR - BRASÍLIA
353,FAU,FACULDADE DE ARQUITETURA E URBANISMO - BRASÍLIA
360,PRO,DEPTO PROJETOS EXPRES REPRES ARQ E URBAN - BRASÍLIA
361,TEC,DEPTO TECNOLOGIA ARQUITETURA URBANISMO - BRASÍLIA
362,THAU,DEPTO TEORIA HISTORIA ARQUIT E URBANISM - BRASÍLIA
363,FAV,FACULDADE DE AGRONOMIA E MEDICINA VETERINÁRIA - BRASÍLIA
370,FDD,FACULDADE DE DIREITO - BRASÍLIA
381,FED,FACULDADE DE EDUCAÇÃO - BRASÍLIA
390,MTC,DEPARTAMENTO DE MÉTODOS E TÉCNICAS - BRASÍLIA
391,PGE,DEPARTAMENTO DE POLÍTICAS PÚBLICAS E GESTÃO DA EDUCAÇÃO - BRASÍLIA
392,TEF,DEPARTAMENTO DE TEORIA E FUNDAMENTOS - BRASÍLIA
393,FEF,FACULDADE DE EDUCAÇÃO FÍSICA - BRASÍLIA
402,FMD,FACULDADE DE MEDICINA - BRASÍLIA
410,FCS,FACULDADE DE CIÊNCIAS DA SAÚDE - BRASÍLIA
420,DSC,DEPTO SAUDE COLETIVA - BRASÍLIA
422,ENF,DEPTO ENFERMAGEM - BRASÍLIA
424,NUT,DEPTO NUTRICAO - BRASÍLIA
427,ODT,DEPTO ODONTOLOGIA - BRASÍLIA
429,FTD,FACULDADE DE TECNOLOGIA - BRASÍLIA
433,EFL,DEPTO ENGENHARIA FLORESTAL - BRASÍLIA
437,ENC,DEPTO ENGENHARIA CIVIL E AMBIENTAL - BRASÍLIA
443,ENE,DEPTO ENGENHARIA ELETRICA - BRASÍLIA
449,ENM,DEPARTAMENTO DE ENGENHARIA MECANICA - BRASÍLIA
455,ICB,INSTITUTO DE CIÊNCIAS BIOLÓGICAS - BRASÍLIA
462,BOT,DEPTO BOTÂNICA - BRASÍLIA
464,CEL,DEPTO BIOLOGIA CELULAR - BRASÍLIA
466,CFS,DEPTO CIÊNCIAS FISIOLÓGICAS - BRASÍLIA
467,ECL,DEPTO ECOLOGIA - BRASÍLIA
469,FIT,DEPTO FITOPATOLOGIA - BRASÍLIA
471,GEM,DEPTO GENÉTICA E MORFOLOGIA - BRASÍLIA
472,ZOO,DEPTO ZOOLOGIA - BRASÍLIA
473,ICS,INSTITUTO DE CIÊNCIAS SOCIAIS - BRASÍLIA
479,ELA,DEPARTAMENTO DE ESTUDOS LATINO AMERICANO - BRASÍLIA
481,DAN,DEPTO ANTROPOLOGIA - BRASÍLIA
483,SOL,DEPARTAMENTO DE SOCIOLOGIA - BRASÍLIA
485,IDA1,INSTITUTO DE ARTES - BRASÍLIA
492,CEN,DEPTO ARTES CÊNICAS - BRASÍLIA
495,MUS,DEPTO MÚSICA - BRASÍLIA
498,VIS,DEPTO ARTES VISUAIS - BRASÍLIA
504,ICE,INSTITUTO DE CIÊNCIAS EXATAS - BRASÍLIA
508,CIC,DEPTO CIÊNCIAS DA COMPUTAÇÃO - BRASÍLIA
514,EST,DEPTO ESTATÍSTICA - BRASÍLIA
518,MAT,DEPARTAMENTO DE MATEMÁTICA - BRASÍLIA
524,IFD,INSTITUTO DE FÍSICA - BRASÍLIA
533,IGD,INSTITUTO DE GEOCIÊNCIAS - BRASÍLIA
539,GEO,DEPTO GEOLOGIA GERAL APLICADA - BRASÍLIA
540,GMP,DEPTO MINERALOGIA E PETROLOGIA - BRASÍLIA
541,GRM,DEPTO GEOQUÍMICA E RECURSOS MINERAIS - BRASÍLIA
542,SIS,OBSERVATÓRIO SISMOLÓGICO - BRASÍLIA
544,ICH,INSTITUTO DE CIÊNCIAS HUMANAS - BRASÍLIA
548,ECO,DEPTO ECONOMIA - BRASÍLIA
552,FIL,DEPTO FILOSOFIA - BRASÍLIA
555,GEA,DEPTO GEOGRAFIA - BRASÍLIA
559,HIS,DEPTO HISTÓRIA - BRASÍLIA
563,SER,DEPTO SERVIÇO SOCIAL - BRASÍLIA
567,ILD,INSTITUTO DE LETRAS - BRASÍLIA
574,LET,DEPTO LÍNGUAS ESTRANGEIRAS E TRADUÇÃO - BRASÍLIA
578,LIP,"DEPTO LINGUISTICA, PORT. LING. CLASSICAS - BRASÍLIA"
580,TEL,DEPTO TEORIA LITERÁRIA E LITERATURA - BRASÍLIA
583,IPD,INSTITUTO DE PSICOLOGIA - BRASÍLIA
592,PCL,DEPARTAMENTO DE PSICOLOGIA CLÍNICA - BRASÍLIA
593,PED,DEPTO PSICOLOGIA ESCOLAR DESENVOLVIMENTO - BRASÍLIA
594,PPB,DEPTO PROCESSOS PSICOLÓGICOS BÁSICOS - BRASÍLIA
596,PST,DEPTO PSICOLOGIA SOCIAL E DO TRABALHO - BRASÍLIA
610,IQD,INSTITUTO DE QUÍMICA - BRASÍLIA
640,CDS,CENTRO DE DESENVOLVIMENTO SUSTENTÁVEL - BRASÍLIA
643,DPI/CDT,DIRETORIA DO CENTRO DE APOIO AO DESENVOLVIMENTO TECNOLÓGICO - BRASÍLIA
650,CEAM,CENTRO ESTUDOS AVANÇADOS MULTIDISCIPLIN - BRASÍLIA
660,DIN,DEPARTAMENTO DE DESIGN - BRASÍLIA
664,PPGA,PROGRAMA DE PÓS-GRADUAÇÃO EM ADMINISTRAÇÃO - BRASÍLIA
666,FUP,FACULDADE DE PLANALTINA - BRASÍLIA
668,IPOL,INSTITUTO DE CIÊNCIA POLÍTICA - BRASÍLIA
669,IREL,INSTITUTO DE RELAÇÕES INTERNACIONAIS - BRASÍLIA
672,FCTS,CAMPUS UNB CEILÂNDIA: FACULDADE DE CIÊNCIAS E TECNOLOGIAS EM SAÚDE - BRASÍLIA
673,FCTE,CAMPUS UNB GAMA: FACULDADE DE CIÊNCIAS E TECNOLOGIAS EM ENGENHARIA - BRASÍLIA
674,FCI,FACULDADE DE CIÊNCIA DA INFORMAÇÃO - BRASÍLIA
677,CER,CENTRO UNB CERRADO - BRASÍLIA
678,FAR,DEPARTAMENTO DE FARMACIA - BRASÍLIA
760,EPR,DEPTO ENGENHARIA DE PRODUCAO - BRASÍLIA
791,GPP,DEPARTAMENTO DE GESTAO DE POLITICAS PUBL - BRASÍLIA
828,PPGT,PROGRAMA DE PÓS-GRADUAÇÃO EM TRANSPORTES - BRASÍLIA
829,PECC,PROGRAMA DE PÓS-GRADUAÇÃO EM ESTRUTURAS E CONSTRUÇÃO CIVIL - BRASÍLIA
830,PPGTARH,PROGRAMA DE PÓS-GRADUAÇÃO EM TECNOLOGIA AMBIENTAL E RECURSOS HÍDRICOS - BRASÍLIA
831,PPGBIOETICA,PROGRAMA DE PÓS-GRADUAÇÃO EM BIOÉTICA - BRASÍLIA
840,PPCA,PROGRAMA DE PÓS-GRADUAÇÃO EM COMPUTAÇÃO APLICADA (PROFISSIONAL) - BRASÍLIA
841,FAC/PPGCOM,PROGRAMA DE PÓS-GRADUAÇÃO EM COMUNICAÇÃO/PPGCOM - BRASÍLIA
842,PPGCEN,PROGRAMA DE PÓS-GRADUAÇÃO EM ARTES CÊNICAS - BRASÍLIA
843,PPGENF,PROGRAMA DE PÓS-GRADUAÇÃO EM ENFERMAGEM - BRASÍLIA
844,PPGQ,PROGRAMA DE PÓS-GRADUAÇÃO EM QUÍMICA - BRASÍLIA
845,PPGCM,PROGRAMA DE PÓS-GRADUAÇÃO EM CIÊNCIAS MÉDICAS - BRASÍLIA
853,CPPAgr,PROGRAMA DE PÓS-GRADUAÇÃO EM AGRONEGÓCIOS - BRASÍLIA
854,CPPGA,PROGRAMA DE PÓS-GRADUAÇÃO EM AGRONOMIA - BRASÍLIA
855,PPGAS,PROGRAMA DE PÓS-GRADUAÇÃO EM ANTROPOLOGIA - BRASÍLIA
872,PPGSA,PROGRAMA DE PÓS-GRADUAÇÃO EM SAÚDE ANIMAL - BRASÍLIA
873,PPG/MUS,PROGRAMA DE PÓS-GRADUAÇÃO EM MÚSICA - BRASÍLIA
874,PPGMT,PROGRAMA DE PÓS-GRADUAÇÃO EM MEDICINA TROPICAL - BRASÍLIA
875,PPGDESIGN,PROGRAMA DE PÓS-GRADUAÇÃO EM DESIGN - BRASÍLIA
876,PPGEST,PROGRAMA DE PÓS-GRADUAÇÃO EM ESTATÍSTICA - BRASÍLIA
895,PPGI,PROGRAMA DE PÓS-GRADUAÇÃO EM INFORMÁTICA - BRASÍLIA
896,PPGCont,PROGRAMA DE PÓS-GRADUAÇÃO EM CIÊNCIAS CONTÁBEIS - BRASÍLIA
897,PPGCTS,PROGRAMA DE PÓS-GRADUAÇÃO EM CIÊNCIAS E TECNOLOGIAS EM SAÚDE - BRASÍLIA
898,PPGCR,PROGRAMA DE PÓS-GRADUAÇÃO EM CIÊNCIAS DA REABILITAÇÃO - BRASÍLIA
899,PPGNH,PROGRAMA DE PÓS-GRADUAÇÃO EM NUTRIÇÃO HUMANA - BRASÍLIA
900,PPGCP,PROGRAMA DE PÓS-GRADUAÇÃO EM CIÊNCIA POLÍTICA - BRASÍLIA
901,PPGG,PROGRAMA DE PÓS-GRADUAÇÃO EM GEOTECNIA - BRASÍLIA
902,PPGCS,PROGRAMA DE PÓS-GRADUAÇÃO EM CIÊNCIAS DA SAÚDE - BRASÍLIA
903,PPG-CDC,PROGRAMA DE PÓS-GRADUAÇÃO EM CIÊNCIAS DO COMPORTAMENTO - BRASÍLIA
904,PCMEC,PROGRAMA DE PÓS-GRADUAÇÃO EM CIÊNCIAS MECÂNICAS - BRASÍLIA
906,PPGCF,PROGRAMA DE PÓS-GRADUAÇÃO EM CIÊNCIAS FARMACÊUTICAS - BRASÍLIA
907,PPGODT,PROGRAMA DE PÓS-GRADUAÇÃO EM ODONTOLOGIA - BRASÍLIA
908,PPGSC,PROGRAMA DE PÓS-GRADUAÇÃO EM SAÚDE COLETIVA - BRASÍLIA
909,CPPGCA,PROGRAMA DE PÓS-GRADUAÇÃO EM CIÊNCIAS ANIMAIS - BRASÍLIA
910,PPGEF,PROGRAMA DE PÓS-GRADUAÇÃO EM EDUCAÇÃO FÍSICA - BRASÍLIA
911,PPGARTE,PROGRAMA DE PÓS-GRADUAÇÃO EM ARTES VISUAIS - BRASÍLIA
912,PPMEC,PROGRAMA DE PÓS-GRADUAÇÃO EM SISTEMAS MECATRÔNICOS - BRASÍLIA
913,PPG-PSTO,"PROGRAMA DE PÓS-GRADUAÇÃO EM PSICOLOGIA SOCIAL, DO TRABALHO E DAS ORGANIZAÇÕES (PSTO) - BRASÍLIA"
914,PPGD,PROGRAMA DE PÓS-GRADUAÇÃO EM DIREITO - BRASÍLIA
915,PPGSOL,PROGRAMA DE PÓS-GRADUAÇÃO EM SOCIOLOGIA - BRASÍLIA
916,PPGDH,PROGRAMA DE PÓS-GRADUAÇÃO EM DIREITOS HUMANOS E CIDADANIA - BRASÍLIA
917,PPGFIL,PROGRAMA DE PÓS-GRADUAÇÃO EM FILOSOFIA - BRASÍLIA
926,PPGM,PROGRAMA DE PÓS-GRADUAÇÃO EM METAFÍSICA - BRASÍLIA
927,PPG-FAU,PROGRAMA DE PÓS-GRADUAÇÃO EM ARQUITETURA E URBANISMO - BRASÍLIA
928,PPGHIS,PROGRAMA DE PÓS-GRADUAÇÃO EM HISTÓRIA - BRASÍLIA
929,PPGDSCI,PROGRAMA DE PÓS-GRADUAÇÃO EM DESENVOLVIMENTO E COOPERAÇÃO INTERNACIONAL - BRASÍLIA
930,PPGTQB,PROGRAMA DE PÓS-GRADUAÇÃO EM TECNOLOGIAS QUÍMICA E BIOLÓGICA - BRASÍLIA
931,PPGeo,PROGRAMA DE PÓS-GRADUAÇÃO EM GEOLOGIA - BRASÍLIA
932,PPGGAG,PROGRAMA DE PÓS-GRADUAÇÃO EM GEOCIÊNCIAS APLICADAS E GEODINÂMICA - BRASÍLIA
933,PPGP,PROGRAMA DE PÓS-GRADUAÇÃO EM GESTÃO PÚBLICA (PROFISSIONAL) - BRASÍLIA
946,PPGCinf,PROGRAMA DE PÓS-GRADUAÇÃO EM CIÊNCIAS DA INFORMAÇÃO - BRASÍLIA
947,PPG-FIT,PROGRAMA DE PÓS-GRADUAÇÃO EM FITOPATOLOGIA - BRASÍLIA
948,PPGEE,PROGRAMA DE PÓS-GRADUAÇÃO EM ENGENHARIA ELÉTRICA - BRASÍLIA
949,PGEA,PROGRAMA DE PÓS-GRADUAÇÃO EM ENGENHARIA DE SISTEMAS ELETRÔNICOS E AUTOMAÇÃO - BRASÍLIA
959,PPGEB,PROGRAMA DE PÓS-GRADUAÇÃO EM ENGENHARIA BIOMÉDICA - BRASÍLIA
960,PPGIntegridad,PROGRAMA DE PÓS-GRADUAÇÃO EM INTEGRIDADE DE MATERIAIS DA ENGENHARIA - BRASÍLIA
977,PPGE,PROGRAMA DE PÓS-GRADUAÇÃO EM EDUCAÇÃO - BRASÍLIA
978,PROFNIT,PROGRAMA DE PÓS-GRADUAÇÃO EM PROFNIT - PROPRIEDADE INTELECTUAL E TRANSFERÊNCIA DE TECNOLOGIA PARA A INOVAÇÃO (PROFISSIONAL) - BRASÍLIA
982,PPG-PDS,PROGRAMA DE PÓS-GRADUAÇÃO EM PROCESSOS DE DESENVOLVIMENTO HUMANO E SAÚDE - BRASÍLIA
983,PPGMAT,PROGRAMA DE PÓS-GRADUAÇÃO EM MATEMÁTICA - BRASÍLIA
985,PPGFIS,PROGRAMA DE PÓS-GRADUAÇÃO EM FÍSICA - BRASÍLIA
986,PPG-PSICC,PROGRAMA DE PÓS-GRADUAÇÃO EM PSICOLOGIA CLÍNICA E CULTURA - BRASÍLIA
987,POSLIT,PROGRAMA DE PÓS-GRADUAÇÃO EM LITERATURA - BRASÍLIA
988,PPG-CIMA,PROGRAMA DE PÓS-GRADUAÇÃO EM CIÊNCIAS DE MATERIAIS - BRASÍLIA
990,PROFMAT,PROGRAMA DE PÓS-GRADUAÇÃO EM MATEMÁTICA EM REDE NACIONAL (PROFISSIONAL) - BRASÍLIA
995,PPGCA,PROGRAMA DE PÓS-GRADUAÇÃO EM CIÊNCIAS AMBIENTAIS - BRASÍLIA
996,PPG-MADER,PROGRAMA DE PÓS-GRADUAÇÃO EM MEIO AMBIENTE EM DESENVOLVIMENTO RURAL - BRASÍLIA
997,PPGEFL,PROGRAMA DE PÓS-GRADUAÇÃO EM CIÊNCIAS FLORESTAIS - BRASÍLIA
1080,PCTEC,PARQUE CIENTÍFICO E TECNOLÓGICO DA UNB - BRASÍLIA
1185,PPGEduC,PROGRAMA DE PÓS-GRADUAÇÃO EM EDUCAÇÃO EM CIÊNCIAS - BRASÍLIA
1186,PPGEC,PROGRAMA DE PÓS-GRADUAÇÃO EM ENSINO DE CIÊNCIAS (PROFISSIONAL) - BRASÍLIA
1198,PPGECO,PROGRAMA DE PÓS-GRADUAÇÃO EM ECONOMIA - BRASÍLIA
1201,ADM/FACE,GRADUAÇÃO EM ADMINISTRAÇÃO - BACHARELADO - BRASÍLIA
1203,PGLA,PROGRAMA DE PÓS-GRADUAÇÃO EM LINGUÍSTICA APLICADA - BRASÍLIA
1225,PPGECSA,PROGRAMA DE PÓS-GRADUAÇÃO EM ESTUDOS COMPARADOS SOBRE AS AMÉRICAS - BRASÍLIA
1448,CIBH,CENTRO INTERNACIONAL DE BIOÉTICA E HUMANIDADES - BRASÍLIA
1487,PPGCDS,PROGRAMA DE PÓS-GRADUAÇÃO EM DESENVOLVIMENTO SUSTENTÁVEL - BRASÍLIA
1488,PPGBIOMOL,PROGRAMA DE PÓS-GRADUAÇÃO EM CIÊNCIAS BIOLÓGICAS (BIOLOGIA MOLECULAR) - BRASÍLIA
1489,PPGBOT,PROGRAMA DE PÓS-GRADUAÇÃO EM BOTÂNICA - BRASÍLIA
1490,PPGECL,PROGRAMA DE PÓS-GRADUAÇÃO EM ECOLOGIA - BRASÍLIA
1491,PPGBioAni,PROGRAMA DE PÓS-GRADUAÇÃO EM BIOLOGIA ANIMAL - BRASÍLIA
1492,PPGBB,PROGRAMA DE PÓS-GRADUAÇÃO EM BIOTECNOLOGIA E BIODIVERSIDADE - REDE PRÓ-CENTRO-OESTE - BRASÍLIA
1493,PPGGEA,PROGRAMA DE PÓS-GRADUAÇÃO EM GEOGRAFIA - BRASÍLIA
1494,POSTRAD,PROGRAMA DE PÓS-GRADUAÇÃO EM ESTUDOS DA TRADUÇÃO - BRASÍLIA
1495,PPGL,PROGRAMA DE PÓS-GRADUAÇÃO EM LINGUÍSTICA - BRASÍLIA
1496,PPGPM,PROGRAMA DE PÓS-GRADUAÇÃO EM PATOLOGIA MOLECULAR - BRASÍLIA
1497,PGPDE,PROGRAMA DE PÓS-GRADUAÇÃO EM PSICOLOGIA DO DESENVOLVIMENTO E ESCOLAR - BRASÍLIA
1498,PPGRI,PROGRAMA DE PÓS-GRADUAÇÃO EM RELAÇÕES INTERNACIONAIS - BRASÍLIA
1499,PPGPS,PROGRAMA DE PÓS-GRADUAÇÃO EM POLÍTICA SOCIAL - BRASÍLIA
1500,PPGZOO,PROGRAMA DE PÓS-GRADUAÇÃO EM ZOOLOGIA - BRASÍLIA
1501,PPGMB,PROGRAMA DE PÓS-GRADUAÇÃO EM BIOLOGIA MICROBIANA - BRASÍLIA
1502,PPGNANO,PROGRAMA DE PÓS-GRADUAÇÃO EM NANOCIÊNCIA E NANOBIOTECNOLOGIA - BRASÍLIA
1503,PROFÁGUA,PROGRAMA DE PÓS-GRADUAÇÃO EM GESTÃO E REGULAÇÃO DE RECURSOS HÍDRICOS - PROFÁGUA (PROFISSIONAL) - BRASÍLIA
1504,PPG-PCTs,PROGRAMA DE PÓS-GRADUAÇÃO EM SUSTENTABILIDADE JUNTO A POVOS E TERRITÓRIOS TRADICIONAIS - BRASÍLIA
1505,PPGDIR,"PROGRAMA DE PÓS-GRADUAÇÃO EM DIREITO, REGULAÇÃO E POLÍTICAS PÚBLICAS - BRASÍLIA"
1506,PROFIS,PROGRAMA DE PÓS-GRADUAÇÃO EM ENSINO DE FÍSICA (PROFISSIONAL) - BRASÍLIA
1543,PROFBIO,PROGRAMA DE PÓS-GRADUAÇÃO PROFBIO ENSINO DE BIOLOGIA EM REDE NACIONAL (PROFISSIONAL) - BRASÍLIA
1545,PROFARTES,PROGRAMA DE PÓS-GRADUAÇÃO EM PROFARTES - BRASÍLIA
1546,PROFCiamb,PROGRAMA DE PÓS-GRADUAÇÃO EM REDE NACIONAL PARA ENSINO DAS CIÊNCIAS AMBIENTAIS - BRASÍLIA
1613,PROFGEO,PROGRAMA DE PÓS-GRADUAÇÃO EM ENSINO DE GEOGRAFIA EM REDE (PROFISSIONAL) - BRASÍLIA
1615,PCTEC/PISAC,PARQUE DE INOVAÇÃO E SUSTENTABILIDADE DO AMBIENTE CONSTRUÍDO - BRASÍLIA
1616,PPGGIPP,PROGRAMA DE PÓS-GRADUAÇÃO EM GOVERNANÇA E INOVAÇÃO EM POLÍTICAS PÚBLICAS (PROFISSIONAL) - BRASÍLIA
1617,PPGADMP,PROGRAMA DE PÓS-GRADUAÇÃO EM ADMINISTRAÇÃO (PROFISSIONAL) - BRASÍLIA
1618,PROFART,PROGRAMA DE PÓS-GRADUAÇÃO EM PROFARTES (PROFISSIONAL) - BRASÍLIA
1619,PPGECOP,PROGRAMA DE PÓS-GRADUAÇÃO EM ECONOMIA (PROFISSIONAL) - BRASÍLIA
1620,PPGEP,PROGRAMA DE PÓS-GRADUAÇÃO EM EDUCAÇÃO (PROFISSIONAL) - BRASÍLIA
1621,PPEE,PROGRAMA DE PÓS-GRADUAÇÃO PROFISSIONAL EM ENGENHARIA ELÉTRICA - BRASÍLIA
1622,CIAMBP,PROGRAMA DE PÓS-GRADUAÇÃO EM REDE NACIONAL PARA ENSINO DAS CIÊNCIAS AMBIENTAIS (PROFISSIONAL) - BRASÍLIA
1623,PPGSCP,PROGRAMA DE PÓS-GRADUAÇÃO EM SAÚDE COLETIVA (PROFISSIONAL) - BRASÍLIA
1624,PPGPPIJ,PROGRAMA DE PÓS-GRADUAÇÃO EM POLÍTICAS PÚBLICAS PARA INFÂNCIA E JUVENTUDE (PROFISSIONAL) - BRASÍLIA
1625,PPGEFP,PROGRAMA DE PÓS-GRADUAÇÃO EM EDUCAÇÃO FÍSICA (PROFISSIONAL) - BRASÍLIA
1664,FILPROF,PROGRAMA DE PÓS-GRADUAÇÃO EM FILOSOFIA (PROFISSIONAL) - BRASÍLIA
1847,PGAP,PROGRAMA DE PÓS-GRADUAÇÃO EM ADMINISTRAÇÃO PÚBLICA (PROFISSIONAL) - BRASÍLIA
1877,PPGAF,PROGRAMA DE PÓS-GRADUAÇÃO EM ASSISTÊNCIA FARMACÊUTICA - BRASÍLIA
1989,PROFLETRAS,PROGRAMA DE PÓS-GRADUAÇÃO EM LETRAS - PROFLETRAS (PROFISSIONAL) - BRASÍLIA
1990,PPGTUR,"PROGRAMA DE PÓS-GRADUAÇÃO EM PLANEJAMENTO TERRITORIAL, PARTICIPAÇÃO E TURISMO - BRASÍLIA"
2050,PROFEI,PROGRAMA DE PÓS-GRADUAÇÃO EM EDUCAÇÃO INCLUSIVA - BRASÍLIA
